kernel,variant,experiment,runs,loader_rejected,triple_fault,panic,halted,booted,timeout,error,success_rate,wall_ms_avg,wall_ms_min,wall_ms_max,exits_avg,exits_min,exits_max,serial_exits_avg,serial_exits_min,serial_exits_max,max_rss_kib_avg,max_rss_kib_min,max_rss_kib_max
primary,baseline,functional,1,0,0,0,1,0,0,0,1.000,650.000,650,650,29786.000,29786,29786,29615.000,29615,29615,91436.000,91436,91436
primary,baseline,performance,10,0,0,0,10,0,0,0,1.000,377.000,370,380,29786.000,29786,29786,29615.000,29615,29615,91346.400,90540,91436
primary,no_cpuid,functional,1,0,0,0,1,0,0,0,1.000,30.000,30,30,1.000,1,1,0.000,0,0,27820.000,27820,27820
primary,fixed_32m,functional,1,1,0,0,0,0,0,0,0.000,20.000,20,20,0.000,0,0,0.000,0,0,14380.000,14380,14380
primary,no_boot_params,functional,1,0,1,0,0,0,0,0,0.000,30.000,30,30,1.000,1,1,0.000,0,0,27820.000,27820,27820
primary,no_e820,functional,1,0,0,1,0,0,0,0,1.000,15032.000,15032,15032,,,,,,,,,
primary,no_e820,performance,10,0,0,10,0,0,0,0,1.000,15027.200,15022,15033,,,,,,,,,
primary,no_cmdline,functional,1,0,0,0,1,0,0,0,1.000,510.000,510,510,191.000,191,191,20.000,20,20,77100.000,77100,77100
primary,no_protected_mode,functional,1,0,0,0,0,0,1,0,0.000,15032.000,15032,15032,,,,,,,,,
primary,no_uart,functional,1,0,0,0,0,0,1,0,0.000,15022.000,15022,15022,,,,,,,,,
compat,baseline,functional,1,0,0,1,0,0,0,0,1.000,15032.000,15032,15032,,,,,,,,,
compat,no_cpuid,functional,1,0,0,0,1,0,0,0,1.000,30.000,30,30,1.000,1,1,0.000,0,0,32300.000,32300,32300
compat,fixed_32m,functional,1,1,0,0,0,0,0,0,0.000,20.000,20,20,0.000,0,0,0.000,0,0,16172.000,16172,16172
compat,no_boot_params,functional,1,0,1,0,0,0,0,0,0.000,40.000,40,40,1.000,1,1,0.000,0,0,32300.000,32300,32300
compat,no_e820,functional,1,0,0,1,0,0,0,0,1.000,15032.000,15032,15032,,,,,,,,,
compat,no_cmdline,functional,1,0,0,0,0,0,1,0,0.000,15032.000,15032,15032,,,,,,,,,
compat,no_protected_mode,functional,1,0,0,0,0,0,1,0,0.000,15022.000,15022,15022,,,,,,,,,
compat,no_uart,functional,1,0,0,0,0,0,1,0,0.000,15032.000,15032,15032,,,,,,,,,
